{"pass@1": 0.5182926829268293, "pass@5": 0.9024390243902439}