{"pass@1": 0.043902439024390234, "pass@5": 0.17073170731707318}