{"pass@1": 0.015853658536585363, "pass@5": 0.07926829268292683}