{"pass@1": 0.10365853658536581, "pass@5": 0.2865853658536585}