{"pass@1": 0.5780487804878048, "pass@5": 0.9146341463414634}