{"pass@1": 0.01341463414634146, "pass@5": 0.06707317073170732}